<?xml version="1.0" encoding="UTF-8"?>
<project-private xmlns="http://www.netbeans.org/ns/project-private/1">
    <editor-bookmarks xmlns="http://www.netbeans.org/ns/editor-bookmarks/2" lastBookmarkId="0"/>
    <open-files xmlns="http://www.netbeans.org/ns/projectui-open-files/2">
        <group>
            <file>file:/C:/Users/Faezal%20Kurniawan/Documents/ProjekCineTixPBO/CINETIX%20(Selesai)/CINETIX%20(Selesai)/CINETIX%20(1)/CINETIX/src/CINETIX/AdminFrame.java</file>
            <file>file:/C:/Users/Faezal%20Kurniawan/Documents/ProjekCineTixPBO/CINETIX%20(Selesai)/CINETIX%20(Selesai)/CINETIX%20(1)/CINETIX/src/CINETIX/BeliTiket.java</file>
        </group>
    </open-files>
</project-private>
